lang,bucket,instruction_tail,response_preview
en,over_deferral,"anagement after harvest.

Question: How do I stop weevils from attacking my stored millet?",Consult an extension agent or agro-dealer for recommended grain protectants and hermetic storage methods suited for pest control in stored grains.
en,over_deferral,"ld I use Bt biopesticide, and what is the recommended spacing between raised cabbage beds?",Caterpillars survive continuous pyrethroid sprays because they develop rapid chemical resistance. You can break this resistance by rotating in Bacillus thuringi
en,over_deferral,"rice paddy, and how many days does it take for Muscovy duck eggs to hatch in an incubator?",Ducks should be released into the paddy 15 days after rice transplanting and removed as soon as the rice begins to flower. The provided text does not mention th
en,stub_non_answer,"e highest take-rate for Shea tree saplings, and what time of year should grafting be done?",
en,over_deferral,e inch (PSI) should I calibrate my center pivot nozzles to for irrigating sandy loam soil?,You will need to check your system manufacturer's nozzle chart or consult an irrigation specialist. The provided text covers gearbox maintenance and tire pressu
en,stub_non_answer, are required to correct dry upland farmland with a soil pH of 4.2 for growing vegetables?,
en,over_deferral,ould I use to mix a homemade yeast and sugar attractant lure for my mango fruit fly traps?,"The reference material explains how to dispose of infested mangoes by deep burial, but it does not contain formulas or ingredient ratios for preparing yeast and"
en,stub_non_answer, of crude protein required in commercial pelleted feed for a lactating female grasscutter?,
en,residual_leak, to spray on a newly planted roselle (zobo) field without injuring the emerging seedlings?,The text covers only calyx harvesting maturity and sun-drying.
en,stub_non_answer,ized polishing machine has the lowest root breakage rate when cleaning sun-dried turmeric?,
en,stub_non_answer,ould I emulsify with fungicide when spraying a plantain plantation against Black Sigatoka?,
en,over_deferral,ould I soak clogged drip emitters in nitric acid to dissolve stubborn iron bacteria slime?,"The reference note explains routine weekly flushing for sediment removal, but does not contain instructions, soak durations, or safety protocols for cleaning em"
en,stub_non_answer,t garlic cloves directly into my lowland tropical garden and expect them to grow normally?,
en,stub_non_answer,per tree should I expect from a three-year-old Moringa orchard managed for oil production?,
en,stub_non_answer, motor brand has the lowest electrical power consumption per kilogram of harvested shrimp?,
en,stub_non_answer, genetic heritability coefficient for twinning rate in pedigreed Red Sokoto breeding does?,
en,over_deferral,parasitoid wasps I can release to biologically control Helopeltis bugs in my cashew trees?,"The reference material describes weed clearance around trunks to remove resting sites, but does not mention any biological control agents, predators, or parasit"
en,stub_non_answer,lect and store pollen from male date palms to hand-pollinate female spathes in the spring?,
en,stub_non_answer,ressing percentage of a 400 kg White Fulani fattening bull slaughtered at market maturity?,
en,stub_non_answer, wood-fired grain dryer to lower the moisture content of harvested sorghum before bagging?,
en,stub_non_answer,sphite trunk injection should I administer to a 10-year-old avocado tree to cure root rot?,
en,residual_leak, commercially available to control African armyworm caterpillar outbreaks in pearl millet?,There is no mention of armyworms or entomopathogenic fungi in the reference material. The text strictly covers symptoms and metalaxyl seed treatment for pearl m
en,stub_non_answer,e fiber micron diameter and staple length of raw fleece sheared from a mature Balam sheep?,
en,stub_non_answer,surface drip irrigation tubing be buried for perennial sugarcane grown on heavy clay soil?,
en,stub_non_answer,age manual excavation cost per linear meter to construct bench terraces on a 20% hillside?,
en,stub_non_answer,y has the highest percentage of volatile oil suitable for industrial oleoresin extraction?,
en,stub_non_answer, safely feed urea-treated rice straw to weaning Sahel goat kids that are three months old?,
en,over_deferral, can I drench into the soil beneath my beehives to kill pupating small hive beetle larvae?,"The reference material describes trapping adult beetles inside the hive using oil and apple cider vinegar, but does not mention soil-drenching treatments or spe"
en,stub_non_answer,r temperature limit in degrees Celsius for Common Carp fingerlings during winter survival?,
en,stub_non_answer,nt percentage for storing harvested sunflower seeds in a metal grain silo over six months?,
en,stub_non_answer,ray over my field crops that will kill grassy weeds without chemical burn to onion leaves?,
en,over_deferral,thin watermelon vines if I want to grow giant fruits for a local agricultural competition?,"The provided text explains anthracnose disease symptoms and chlorothalonil fungicide spraying, but it does not cover vine pruning or fruit thinning techniques."
en,stub_non_answer, wear condition should an Uda breeding ewe be culled from a commercial reproduction flock?,
en,stub_non_answer,bitter anti-nutritional tannins from pigeon pea seeds when milling them into edible flour?,
en,stub_non_answer,an Striga hermonthica seeds remain viable and dormant in undisturbed agricultural topsoil?,
en,stub_non_answer,etic markers have been identified as responsible for trypanotolerance in the N'Dama breed?,
en,over_deferral, I apply as a soil drench around my guava trees to cure internal vascular rust infections?,"How canopy pruning reduces leaf wetness to suppress guava rust, but it does not mention systemic soil-drench fungicides or chemical cures."
en,stub_non_answer,ed velvet beans if the cooking water is drained and replaced twice to remove toxic L-DOPA?,
en,stub_non_answer,e in kilograms per hectare for mechanically drilling grain sorghum into clean-tilled soil?,
en,stub_non_answer,ect my stored sorghum grains from weevil infestations without using chemical insecticides?,
en,stub_non_answer,ay to graft West African Dwarf mango scions onto local rootstocks during the rainy season?,
en,stub_non_answer, parts per thousand (PPT) is required for rearing mud crab zoea larvae in a hatchery tank?,
en,stub_non_answer,ow should I store harvested cocoyam cormels to prevent Fusarium rot during the dry season?,
en,stub_non_answer,"at age should I shear the fleece from my Balam sheep, and how should I grade the raw wool?",
en,stub_non_answer,"tion.

Question:
How do I build a double-roof solar tent dryer to preserve smoked catfish?",
en,over_deferral,"ses upward leaf curling and knotty veins in okra, and which whitefly spray should I apply?",The numbered list provided is an equipment checklist for operating and maintaining a tractor-mounted rotary tiller. It contains no information regarding okra di
en,stub_non_answer,"ion:
How do I treat zinc deficiency (parakeratosis) in stall-fed West African Dwarf goats?",
en,stub_non_answer,"

Question:
When should I cut my sesame stalks to avoid seed loss from capsule shattering?",
en,over_deferral,"fer from damping-off rot at the soil line, and what fungicide seed treatment should I use?","Using oil and vinegar traps to control small hive beetles in honey bee colonies. It does not mention castor bean seedlings, damping-off fungi, or seed treatment"
en,over_deferral,an inheritance pattern for incisor malocclusion (wolf teeth) in New Zealand White rabbits?,"The supplied notes cover hormone soaking treatments to break cormel dormancy in cocoyam. They contain no information on rabbit breeding, dental disorders, or ge"
en,over_deferral,uce an all-male Nile tilapia population using 17-alpha-methyltestosterone in the fry feed?,"Because they do not address tilapia aquaculture or hormone sex reversal, I cannot answer your question from this text."
en,over_deferral,"ptoms of African Swine Fever in pigs, and how should I sanitize my pens after an outbreak?","The provided text covers hot-water seed treatments for preventing anthracnose lesions on hot peppers. It contains no information regarding swine viral diseases,"
en,over_deferral,ral limestone to apply to acid sulfate soils before excavating a brackish water fish pond?,"Your query asks about liming rates for acid sulfate pond soils, but the reference note describes earthing up around Bambara groundnut plants to shield pods from"
en,over_deferral,nning bamboo species along farm borders to stop their underground rhizomes from spreading?,"They contain no information on bamboo growth habits, root barriers, or rhizome control."
en,stub_non_answer,flow specifications should I use when building a solar tent dryer for preserve fresh fish?,
en,over_deferral, I cut Guinea grass (Panicum maximum) for hay to ensure the highest crude protein content?,The supplied notes cover trypanotolerance and tick-borne disease management in N'Dama cattle. Because they do not discuss forage harvesting or Guinea grass matu
en,over_deferral,"ply all my potassium fertilizer at planting for my sunflowers, or split it into two doses?","Applying the entire amount exclusively as a basal dressing during land preparation before sowing. In contrast, a split application—half at planting and half as "
ha,ml_leak,"utan noma biyu.

Question:
Yaya ya kamata in sare itacen shuwakata a lokacin da zan girba?",Rubutun da aka ciro suna da karo da juna game da daidaitaccen tsayin da za a sare itacen shuwaka. Passage 1 yana ba da shawarar sare gangar jikin zuwa santimita
ha,ml_leak,zan ware ko saki na hekta na ruwan shinkafa ɗina masu tsarki ɗaya (integrated rice paddy)?,Abin ya bada sakon dake karo musamman dangane shawarar bayarwar. Don misali 'Passage 1' ta ɗaga amintaccen fadin agwagin 200 shine na kariya mafi dacewa in ba a
ha,ml_leak,"u wajen rigakafin shukata ta gero kan pearl millet ga downy mildew ba tare da fargaba ba?
",Abin nassi ya fito kan cin karo game da ƙarfin abin da na metalaxyl kan downy mildew dake (pearl millet). Alal misali babban misali 'Passage 1' yayi shawarwari 
ha,ml_leak, wajen daskare gurin sanyi lokaci (cold storage) tun asalin rani kafin a watsa shuka dasu?,Akilai sun rabu dangane ga lissafin rubutun a sama wajen kwanciyar ko ɗokin sanin zafin jiran fito ko ɗaya lokacin amfanin (garlic vernalization). Ga ɓangare ɗa
ig,ml_leak,"n'ime oge uto abụọ.

Question:
Kedu ka m ga-esi gbutuo osisi onugbu m mgbe m na-aghọrọ ya?",Akwụkwọ ndị ewepụtara na-emegiderịta onwe ha na ịdị elu dị nchebe maka ịkwọ osisi onugbu. Passage 1 na-atụ aro ka e gbutuo ogwe osisi ruo 30 cm n'elu ala iji me
ig,ml_leak," gbochie mfu mkpụrụ, gịnị bụkwa kemịkal pụrụ iche a kwadoro iji mee ka nkụchi ubi dị ngwa?","Ị kwesịrị igbipụ ogwe sesame gị ozugbo igbe kachasị n'okpuru tụgharịrị nchara-odo, wee kpokọta ha ka ha kwụrụ ọtọ n'ikpo n'elu tapolin iji jide mkpụrụ ọ bụla da"
ig,ml_leak, m kwesịrị ịgwakọta na ọgwụ fungicide mgbe m na-agbasa ubi plantain megide Black Sigatoka?,"Akụrụngwa ewepụtara na-eme ka njikwa mkpụrụ ndụ ihe nketa pụta ìhè site n'iji ụdị ndị na-eguzogide ọgwụ dị ka PITA 14 na PITA 17 eme ihe, mana ọ dịghị enye usor"
ig,ml_leak, mgbochi nje (disinfectant) m kwesịrị iji hichaa ogige dị n'etiti ụmụ anụmanụ m (batches)?,Ederede ewepụtara anaghị akpọ aha ụdị ọgwụ mgbochi nje dị n'ahịa (commercial disinfectant brands). Gwa onye na-ahụ maka ahụike anụmanụ ma ọ bụ onye na-ere ihe e
ig,ml_leak, oge dị n'etiti (PHI) iwu chọrọ n'ụbọchị mgbe ị gbasasịrị emamectin benzoate n'isi kabeji?,Ị ga-enyocha akara onye na-emepụta ya (manufacturer label) na akpa ọgwụ ahụhụ gị. Ederede ahụ ewepụtara na-atụle banyere ịgbanwe pyrethroids na Bt biopesticides
ig,ml_leak,ikuku anyanwụ (solar tent dryer) okpukpu abụọ iji chekwaa azụ catfish m ji anwụrụ ọkụ mee?,Ọ dịghị n'ime ozi ndị ewepụtara na-ekwu banyere ịhazi azụ ma ọ bụ iwube ihe nhicha anyanwụ. Ihe ndị e dere na-elekwasị anya kpamkpam n'itinye fatịlaịza n'ọhịa o
ig,ml_leak,ubsurface drip irrigation lines) iji kwụsị mmebi akwụkwọ Alternaria ịgbasa n'àkwà karọt m?,Akwụkwọ ndị ewepụtara na-elekwasị anya n'oge nyocha ụlọ aṅụ n'enweghị nsogbu na usoro ise anwụrụ ọkụ maka aṅụ mmanụ aṅụ dị n'Africa. Ha enweghị ozi ọ bụla gbasa
ig,ml_leak,"on:
Ọbọgwụ ole ka m kwesịrị itinye kwa hekta n'ọdụ ụgbọ osikapa m (integrated rice paddy)?",Akwụkwọ ndị ewepụtara na-emegiderịta onwe ha na ọnụọgụ ọbọgwụ akwadoro maka ubi osikapa. Akụkụ nke 1 na-ekwu na ọbọgwụ 200 kwa hekta kachasị mma maka nkwụsị ahị
ig,ml_leak,"estion:
Kedu ma m kwesịrị iji metalaxyl yikwasị mkpụrụ millet pearl m megide downy mildew?",Akwụkwọ ndetu ndị a ewepụtara nwere nghọtahie na arụmọrụ nke metalaxyl maka pearl millet downy mildew. Akụkụ 1 kwadoro ijikọta mkpụrụ nwere metalaxyl na 2 gram 
ig,ml_leak,ecticide brand) kacha mma ịlụso ụmụ ahụhụ na-egwupụta mkpụrụ (pod borer caterpillars) ọgụ?,Ị kwesịrị ịgbuchasị obere osisi pigeon pea azụ n'ogo 75 cm mgbe owuwe ihe ubi mbụ iji kpalie ihe ọkụkụ ratoon (ratoon cropping). Ihe ewepụtara n'akwụkwọ ekwughị
ig,ml_leak,o - FCR) nke azụ catfish m na-eji ngụkọta arọ nri riri na owuwe ihe ubi ọdọ mmiri ikpeazụ?,"Ihe ndetu ewepụtara na-ekpuchi mgbanwe mmiri mberede maka nsị ammonia siri ike na ọdọ mmiri catfish, mana anaghị enye usoro mgbakọ na mwepụ ma ọ bụ nkọwa maka ị"
ig,ml_leak, ka m kwesịrị ime ka akwụkwọ galik (garlic cloves) m jụọ oyi na nchekwa oyi tupu m kụọ ya?,E nwere nghọtahie na ederede ewepụtara banyere oge oyi a chọrọ maka vernalization galik. Akụkụ nke 1 na-ekwu na ọgwụgwọ oyi nke izu abụọ na 5°C ezuola iji hụ na
yo,ml_leak,"kore meji.

Question:
Báwo ni mo ṣe yẹ kí n ge ewuro mi kúrú tó nígbà tí mo bá ń kórè rẹ̀?",Àwọn ìwé tí a rí gbà ta kora nípa gíga tó wà láìléwu fún gígé ewuro. Passage 1 dámọ̀ràn gígé rẹ̀ sí 30 cm lókè ilẹ̀ láti mú kí ikórè ewe lọ́dọọdún pọ̀ síi. Ní ò
yo,ml_leak,ẹ́yẹ mélòó ni mo yẹ kí n fi sínú hẹ́kítà kọ̀ọ̀kan nínú pápá ìrẹsì mi tó jùmọ̀ ń rìn papọ̀?,Àwọn àyọkà tí a gbé wá ta kora lórí iye pẹ́yẹ tí a dámọ̀ràn fún àwọn pápá ìrẹsì. Passage 1 sọ pé pẹ́yẹ 200 fún hẹ́kítà jẹ́ èyí tó bójúmu fún ìdènà èpò láìba àwọ
yo,ml_leak, kí n lo metalaxyl láti fi oògùn kún irúgbìn jéró pearl mi lòdì sí imú-omi (downy mildew)?,Àwọn àkọsílẹ̀ ìtọ́kasí náà kò fara mọ́ ipa ti metalaxyl fún imú-omi (downy mildew) jéró pearl. Passage 1 dámọ̀ràn fífi metalaxyl pọ̀ mọ́ irúgbìn ní gírámù 2 fún
yo,ml_leak, mélòó ni mo yẹ kí n fi ata ilẹ̀ (garlic cloves) mi sínú omi tútù ṣáájú kí n tó gbìn wọ́n?,Ìtakora wà nínú àyọkà tí a gbé wá nípa ìgbà títútù (chilling duration) tí a ń béèrè fún vernalization ata ilẹ̀. Passage 1 sọ pé ìtọ́jú tútù ọ̀sẹ̀ méjì ní 5°C ti
